chromosome	position	Q_CFW-SW/100.0a	Q_CFW-SW/100.0c	Q_CFW-SW/100.0d	Q_CFW-SW/100.0e	Q_CFW-SW/100.0f
chr11	3200246	0.4043	0.3655	0.3375	-0.614	0.3452
chr11	3205355	0.395	0.3545	0.3325	-0.5421	0.3433
chr11	3218908	0.3977	0.3207	0.3134	-0.4491	0.3267
chr11	3414044	-0.3616	-0.328	-0.3234	0.074	-0.2713
chr11	3460427	-0.341	-0.3363	-0.3346	0.073	-0.2652
chr11	3462290	-0.3552	-0.3281	-0.3287	0.0912	-0.2708
chr11	3462323	-0.3524	-0.3296	-0.3298	0.0874	-0.2697
chr11	3462325	-0.3533	-0.3291	-0.3294	0.0885	-0.27
chr11	3462348	-0.361	-0.3244	-0.326	0.0986	-0.2731
chr11	3464016	-0.3461	-0.334	-0.3331	0.08	-0.2672
chr11	3554197	0.3393	0.3346	0.0862	-0.1332	0.2532
chr11	3558414	-0.3648	-0.3172	0.0754	0.1639	-0.2644
chr11	3619052	-0.3394	-0.3269	1.0859	0.2534	-0.2429
chr11	3883306	-0.3207	-0.2844	2.6043	0.0664	-0.227
chr11	4017210	-0.3655	-0.3608	1.5442	-0.0087	-0.2506
chr11	4017211	-0.3685	-0.356	1.5489	-0.0107	-0.2535
chr11	4017223	-0.3824	-0.3338	1.5704	-0.02	-0.2667
chr11	4017385	-0.3677	-0.3524	1.5514	-0.0141	-0.2529
chr11	4022004	-0.3702	-0.3553	1.5401	-0.0114	-0.2548
chr11	4024616	-0.7473	1.1971	0.937	-0.4412	-0.7211
chr11	4110988	0.8081	-1.0677	-1.2622	0.66	0.7659
chr11	4124677	0.8076	-0.9793	-1.1824	0.6428	0.7643
chr11	4139413	-0.7222	1.0853	1.0928	-0.7139	-0.7198
chr11	4139426	-0.717	1.0865	1.0815	-0.714	-0.7171
chr11	4140742	-0.7174	1.0856	1.0817	-0.7139	-0.7173
chr11	4141532	-0.7187	1.0779	1.0748	-0.7101	-0.7185
chr11	4141701	-0.7173	1.0861	1.0826	-0.7144	-0.7172
chr11	4141949	-0.7188	1.077	1.0742	-0.7098	-0.7186
chr11	4142088	-0.7176	1.0803	1.0756	-0.7115	-0.7178
chr11	4142629	-0.7175	1.0852	1.0823	-0.7143	-0.7174
chr11	4142987	-0.7215	1.0388	1.0379	-0.6896	-0.7209
chr11	4143502	-0.7178	1.0846	1.0826	-0.7143	-0.7175
chr11	4143779	-0.717	1.0858	1.0825	-0.7149	-0.7171
chr11	4143838	-0.7169	1.086	1.0824	-0.715	-0.717
chr11	4143850	-0.7174	1.0853	1.0828	-0.7147	-0.7173
chr11	4144873	-0.7173	1.0832	1.08	-0.7137	-0.7174
chr11	4146736	-0.7189	1.072	1.0698	-0.7082	-0.7189
chr11	4147532	-0.7188	1.0764	1.0753	-0.7106	-0.7186
chr11	4147579	-0.7181	1.0791	1.0773	-0.712	-0.7181
chr11	4148004	-0.7169	1.0852	1.0828	-0.7152	-0.717
chr11	4148006	-0.717	1.0857	1.0837	-0.7155	-0.717
chr11	4149618	-0.7171	1.0848	1.0834	-0.7153	-0.7171
chr11	4151366	-0.7118	0.9346	0.9387	-0.633	-0.7105
chr11	4151391	-0.7119	0.9356	0.9395	-0.6336	-0.7106
chr11	4151936	-0.7173	1.0841	1.0834	-0.7152	-0.7173
chr11	4156606	-0.7123	0.9336	0.9411	-0.6338	-0.7107
chr11	4156658	-0.7125	0.9334	0.9414	-0.6337	-0.7108
chr11	4156678	-0.7124	0.9335	0.9412	-0.6338	-0.7107
chr11	4157061	-0.7159	1.0851	1.0835	-0.7163	-0.7164
chr11	4157575	-0.7172	0.9675	0.9739	-0.6531	-0.7159
chr11	4157625	-0.7124	0.9339	0.9416	-0.6342	-0.7108
chr11	4157692	-0.7123	0.9332	0.941	-0.6338	-0.7107
chr11	4157786	-0.7124	0.9338	0.9415	-0.6342	-0.7108
chr11	4157829	-0.7125	0.9344	0.9421	-0.6345	-0.7109
chr11	4157846	-0.712	0.9311	0.9389	-0.6327	-0.7104
chr11	4158681	-0.7117	0.9288	0.9369	-0.6316	-0.71
chr11	4159249	-0.7176	1.0827	1.0845	-0.7156	-0.7175
chr11	4159512	-0.7124	0.9326	0.9407	-0.6341	-0.7108
chr11	4159576	-0.7181	0.974	0.9804	-0.6574	-0.7169
chr11	4160767	-0.7174	1.084	1.0858	-0.7164	-0.7173
chr11	4161449	-0.7208	1.009	1.0136	-0.677	-0.72
chr11	4163009	-0.7123	0.9296	0.9385	-0.6333	-0.7106
chr11	4164110	-0.7171	1.0839	1.085	-0.7166	-0.7171
chr11	4165583	-0.719	0.9823	0.9883	-0.6632	-0.7179
chr11	4166188	-0.7173	1.0834	1.0848	-0.7165	-0.7173
chr11	4169047	-0.7169	1.075	1.0725	-0.7124	-0.7176
chr11	4169344	-0.7172	1.0836	1.085	-0.7169	-0.7172
chr11	4173901	-0.7189	1.0782	1.0815	-0.7145	-0.7184
chr11	4174384	-0.7174	1.0824	1.0838	-0.7165	-0.7174
chr11	4177048	-0.7173	1.0818	1.0827	-0.7163	-0.7174
chr11	4178320	-0.7127	0.932	0.9397	-0.637	-0.7111
chr11	4178518	-0.7173	1.083	1.0843	-0.717	-0.7173
chr11	4183635	-0.7212	1.0541	1.0574	-0.703	-0.7207
chr11	4185242	-0.7173	1.0826	1.0836	-0.7172	-0.7174
chr11	4209116	-0.7166	1.0819	1.0809	-0.717	-0.7171
chr11	4211694	-0.7214	1.0487	1.0515	-0.7011	-0.7209
chr11	4228604	-0.718	1.0783	1.0782	-0.7154	-0.718
chr11	4229176	-0.7175	1.0824	1.0825	-0.7173	-0.7174
chr11	4229195	-0.7173	1.0823	1.0821	-0.7173	-0.7173
chr11	4230918	-0.7175	1.0814	1.0811	-0.7169	-0.7175
chr11	4237235	-0.7217	1.0411	1.0425	-0.6978	-0.7212
chr11	4238100	-0.7218	1.0417	1.0433	-0.6981	-0.7212
chr11	4246351	-0.7189	1.0638	1.0612	-0.7087	-0.7193
chr11	4246985	-0.7219	1.0396	1.041	-0.6971	-0.7212
chr11	4261375	-0.7176	1.0824	1.0813	-0.7174	-0.7176
chr11	4273327	-0.7175	1.0831	1.0711	-0.7175	-0.7175
chr11	4283717	0.7233	-1.1344	0.391	0.7222	0.7241
chr11	4284110	0.7062	-1.1375	0.5957	0.7058	0.7066
chr11	4285090	0.7024	-1.0934	0.683	0.6975	0.7021
chr11	4286016	0.6998	-1.1324	0.6815	0.699	0.6994
chr11	4288936	0.7042	-1.0649	0.6806	0.6939	0.7021
chr11	4301371	0.6999	-1.1332	0.6817	0.6989	0.6992
chr11	4310171	0.6995	-1.1496	0.6833	0.6991	0.6993
chr11	4330042	0.7035	-1.1568	0.6829	0.6965	0.7019
chr11	4908477	-0.2937	-0.2945	-0.2933	-0.2939	-0.2938
chr11	4941705	-0.2927	-0.289	-0.3024	-0.2936	-0.2913
chr11	4944016	-0.2944	-0.2943	-0.2946	-0.2944	-0.2943
chr11	4945582	-0.2944	-0.2943	-0.2946	-0.2944	-0.2943
chr11	4949541	-0.2948	-0.2942	-0.294	-0.2943	-0.2945
chr11	4971995	-0.2958	-0.2957	-0.2949	-0.2955	-0.2957
