chromosome	position	Q_CFW-SW/100.0g	Q_CFW-SW/100.0h	Q_CFW-SW/100.0i	Q_CFW-SW/100.0j	Q_CFW-SW/100.0l
chr11	3200246	0.3836	0.3901	0.2411	-0.1418	0.3629
chr11	3205355	0.3751	0.3806	0.2034	-0.1	0.3539
chr11	3218908	0.3576	0.3449	0.1215	-0.0346	0.3294
chr11	3414044	-0.2976	-0.339	1.0335	-0.2665	-0.3005
chr11	3460427	-0.2791	-0.3456	1.3293	-0.2961	-0.3032
chr11	3462290	-0.2841	-0.3331	1.3928	-0.2856	-0.3056
chr11	3462323	-0.2832	-0.3357	1.3896	-0.2873	-0.3051
chr11	3462325	-0.2835	-0.3349	1.3909	-0.2867	-0.3052
chr11	3462348	-0.2864	-0.3279	1.4031	-0.2807	-0.3064
chr11	3464016	-0.2805	-0.3413	1.3757	-0.2937	-0.3044
chr11	3554197	0.2705	0.3409	-0.5622	0.3082	0.2896
chr11	3558414	-0.286	-0.3239	0.5833	-0.2805	-0.2923
chr11	3619052	-0.2508	-0.3166	0.2133	-0.3278	-0.2838
chr11	3883306	-0.2504	-8e-04	-0.2199	-0.3104	-0.2247
chr11	4017210	-0.3213	0.215	-0.3742	-0.396	-0.2641
chr11	4017211	-0.3241	0.2125	-0.3624	-0.3916	-0.261
chr11	4017223	-0.3373	0.2009	-0.3071	-0.3708	-0.2466
chr11	4017385	-0.3236	0.2108	-0.3557	-0.3879	-0.2582
chr11	4022004	-0.3259	0.2141	-0.3604	-0.3909	-0.2607
chr11	4024616	-0.7083	-0.6358	2.9722	1.1229	0.7712
chr11	4110988	0.7943	0.6125	-2.8791	-1.0382	-0.985
chr11	4124677	0.795	0.6135	-2.7181	-0.9575	-0.9426
chr11	4139413	-0.7216	-0.7119	2.8902	1.084	1.0653
chr11	4139426	-0.717	-0.7172	2.8896	1.0862	1.0652
chr11	4140742	-0.7173	-0.717	2.8881	1.0853	1.0651
chr11	4141532	-0.7186	-0.7176	2.874	1.0776	1.0579
chr11	4141701	-0.7172	-0.7169	2.889	1.0858	1.066
chr11	4141949	-0.7187	-0.7176	2.8724	1.0767	1.0573
chr11	4142088	-0.7176	-0.7181	2.8781	1.0802	1.0604
chr11	4142629	-0.7174	-0.7169	2.8875	1.0849	1.0657
chr11	4142987	-0.7213	-0.7178	2.7987	1.0385	1.0202
chr11	4143502	-0.7177	-0.7167	2.8867	1.0844	1.0657
chr11	4143779	-0.717	-0.7172	2.8885	1.0857	1.0669
chr11	4143838	-0.7169	-0.7173	2.8888	1.0859	1.0671
chr11	4143850	-0.7173	-0.7169	2.8879	1.0852	1.0666
chr11	4144873	-0.7173	-0.7176	2.8836	1.0831	1.0648
chr11	4146736	-0.7189	-0.7183	2.8629	1.072	1.0548
chr11	4147532	-0.7187	-0.7177	2.8713	1.0763	1.0596
chr11	4147579	-0.7181	-0.7177	2.8762	1.0791	1.0623
chr11	4148004	-0.7169	-0.7174	2.8873	1.0853	1.0685
chr11	4148006	-0.717	-0.7171	2.8882	1.0857	1.069
chr11	4149618	-0.7171	-0.7172	2.8867	1.0848	1.069
chr11	4151366	-0.7113	-0.7033	2.5804	0.9343	0.9214
chr11	4151391	-0.7114	-0.7036	2.5826	0.9354	0.9224
chr11	4151936	-0.7173	-0.7172	2.8854	1.0841	1.0697
chr11	4156606	-0.7118	-0.7026	2.5788	0.9332	0.9265
chr11	4156658	-0.7119	-0.7024	2.5786	0.9331	0.9265
chr11	4156678	-0.7118	-0.7025	2.5787	0.9332	0.9266
chr11	4157061	-0.716	-0.7183	2.8866	1.0854	1.0774
chr11	4157575	-0.7168	-0.7093	2.6516	0.9672	0.962
chr11	4157625	-0.7119	-0.7027	2.5796	0.9336	0.9288
chr11	4157692	-0.7118	-0.7025	2.5781	0.9329	0.9282
chr11	4157786	-0.7119	-0.7026	2.5793	0.9334	0.9289
chr11	4157829	-0.712	-0.7027	2.5807	0.9341	0.9296
chr11	4157846	-0.7115	-0.702	2.5735	0.9308	0.9264
chr11	4158681	-0.7112	-0.7016	2.5687	0.9285	0.9257
chr11	4159249	-0.7176	-0.7171	2.883	1.0827	1.0799
chr11	4159512	-0.7119	-0.7025	2.5774	0.9325	0.9312
chr11	4159576	-0.7177	-0.7105	2.6659	0.9739	0.9725
chr11	4160767	-0.7174	-0.7169	2.8852	1.0839	1.0831
chr11	4161449	-0.7205	-0.7157	2.7387	1.0089	1.0085
chr11	4163009	-0.7118	-0.7017	2.5713	0.9295	0.9297
chr11	4164110	-0.7171	-0.7173	2.885	1.084	1.0831
chr11	4165583	-0.7187	-0.7121	2.6835	0.9822	0.9821
chr11	4166188	-0.7173	-0.7172	2.884	1.0833	1.0827
chr11	4169047	-0.7171	-0.7197	2.8675	1.0753	1.0742
chr11	4169344	-0.7172	-0.7171	2.8844	1.0836	1.0833
chr11	4173901	-0.7188	-0.7169	2.8749	1.078	1.0782
chr11	4174384	-0.7174	-0.7173	2.8822	1.0824	1.0822
chr11	4177048	-0.7173	-0.7176	2.881	1.0818	1.0816
chr11	4178320	-0.7122	-0.7032	2.5766	0.9319	0.9332
chr11	4178518	-0.7173	-0.7173	2.8834	1.083	1.0829
chr11	4183635	-0.721	-0.7185	2.8293	1.0541	1.0546
chr11	4185242	-0.7173	-0.7175	2.8825	1.0826	1.0825
chr11	4209116	-0.7168	-0.7183	2.8809	1.0821	1.0817
chr11	4211694	-0.7213	-0.7187	2.8188	1.0487	1.0497
chr11	4228604	-0.718	-0.7179	2.8746	1.0783	1.0784
chr11	4229176	-0.7175	-0.7173	2.8822	1.0824	1.0824
chr11	4229195	-0.7173	-0.7175	2.882	1.0823	1.0823
chr11	4230918	-0.7175	-0.7176	2.8804	1.0815	1.0827
chr11	4237235	-0.7216	-0.7187	2.8039	1.0416	1.0465
chr11	4238100	-0.7216	-0.7186	2.8051	1.0422	1.0474
chr11	4246351	-0.719	-0.7199	2.847	1.0643	1.0699
chr11	4246985	-0.7217	-0.7186	2.8009	1.0403	1.047
chr11	4261375	-0.7176	-0.7173	2.8823	1.0823	1.0909
chr11	4273327	-0.7175	-0.7176	2.8838	1.0832	1.0925
chr11	4283717	0.7246	0.715	-2.9824	-1.1255	-1.1348
chr11	4284110	0.7066	0.7038	-2.9797	-1.1346	-1.1381
chr11	4285090	0.7022	0.7056	-2.8862	-1.1106	-1.0931
chr11	4286016	0.6997	0.699	-2.9626	-1.133	-1.1317
chr11	4288936	0.7037	0.7027	-2.8246	-1.0924	-1.064
chr11	4301371	0.6998	0.698	-2.9638	-1.1331	-1.1326
chr11	4310171	0.6995	0.7	-2.96	-1.1325	-1.1305
chr11	4330042	0.7033	0.7023	-2.8717	-1.109	-1.0874
chr11	4908477	-0.2937	-0.2943	-0.2937	-0.2939	-0.2945
chr11	4941705	-0.2911	-0.293	-0.2925	-0.2917	-0.2893
chr11	4944016	-0.2943	-0.2944	-0.2944	-0.2944	-0.2943
chr11	4945582	-0.2944	-0.2944	-0.2944	-0.2944	-0.2943
chr11	4949541	-0.295	-0.2941	-0.2947	-0.2946	-0.2942
chr11	4971995	-0.296	-0.2954	-0.2957	-0.2957	-0.2957
